cnt,repeat_count,Артикул ИМТ,Бренд,Предмет,Артикул Цвета,Баркод
25,56,4833001530049/,Байрамали,Полотенца банные,белый,48330015300491
25,56,4833001530049/,Байрамали,Полотенца банные,белый,48330015300491
25,56,4833001530049/,Байрамали,Полотенца банные,белый,48330015300491
25,56,4833001530049/,Байрамали,Полотенца банные,белый,48330015300491
25,56,4833001530049/,Байрамали,Полотенца банные,белый,48330015300491
25,56,4833001530049/,Байрамали,Полотенца банные,белый,48330015300491
25,56,4833001530049/,Байрамали,Полотенца банные,белый,48330015300491
25,56,4833001530049/,Байрамали,Полотенца банные,белый,48330015300491
25,56,4833001530049/,Байрамали,Полотенца банные,белый,48330015300491
25,56,4833001530049/,Байрамали,Полотенца банные,белый,48330015300491
25,56,4833001530049/,Байрамали,Полотенца банные,белый,48330015300491
25,56,4833001530049/,Байрамали,Полотенца банные,белый,48330015300491
25,56,4833001530049/,Байрамали,Полотенца банные,белый,48330015300491
25,56,4833001530049/,Байрамали,Полотенца банные,белый,48330015300491
25,56,4833001530049/,Байрамали,Полотенца банные,белый,48330015300491
25,56,4833001530049/,Байрамали,Полотенца банные,белый,48330015300491
25,56,4833001530049/,Байрамали,Полотенца банные,белый,48330015300491
25,56,4833001530049/,Байрамали,Полотенца банные,белый,48330015300491
25,56,4833001530049/,Байрамали,Полотенца банные,белый,48330015300491
25,56,4833001530049/,Байрамали,Полотенца банные,белый,48330015300491
25,56,4833001530049/,Байрамали,Полотенца банные,белый,48330015300491
25,56,4833001530049/,Байрамали,Полотенца банные,белый,48330015300491
25,56,4833001530049/,Байрамали,Полотенца банные,белый,48330015300491
25,56,4833001530049/,Байрамали,Полотенца банные,белый,48330015300491
25,56,4833001530049/,Байрамали,Полотенца банные,белый,48330015300491
25,56,4833001530049/,Байрамали,Полотенца банные,белый,48330015300491
25,56,4833001530049/,Байрамали,Полотенца банные,белый,48330015300491
25,56,4833001530049/,Байрамали,Полотенца банные,белый,48330015300491
25,56,4833001530049/,Байрамали,Полотенца банные,белый,48330015300491
25,56,4833001530049/,Байрамали,Полотенца банные,белый,48330015300491
25,56,4833001530049/,Байрамали,Полотенца банные,белый,48330015300491
25,56,4833001530049/,Байрамали,Полотенца банные,белый,48330015300491
25,56,4833001530049/,Байрамали,Полотенца банные,белый,48330015300491
25,56,4833001530049/,Байрамали,Полотенца банные,белый,48330015300491
25,56,4833001530049/,Байрамали,Полотенца банные,белый,48330015300491
25,56,4833001530049/,Байрамали,Полотенца банные,белый,48330015300491
25,56,4833001530049/,Байрамали,Полотенца банные,белый,48330015300491
25,56,4833001530049/,Байрамали,Полотенца банные,белый,48330015300491
25,56,4833001530049/,Байрамали,Полотенца банные,белый,48330015300491
25,56,4833001530049/,Байрамали,Полотенца банные,белый,48330015300491
25,56,4833001530049/,Байрамали,Полотенца банные,белый,48330015300491
25,56,4833001530049/,Байрамали,Полотенца банные,белый,48330015300491
25,56,4833001530049/,Байрамали,Полотенца банные,белый,48330015300491
25,56,4833001530049/,Байрамали,Полотенца банные,белый,48330015300491
25,56,4833001530049/,Байрамали,Полотенца банные,белый,48330015300491
25,56,4833001530049/,Байрамали,Полотенца банные,белый,48330015300491
25,56,4833001530049/,Байрамали,Полотенца банные,белый,48330015300491
25,56,4833001530049/,Байрамали,Полотенца банные,белый,48330015300491
25,56,4833001530049/,Байрамали,Полотенца банные,белый,48330015300491
25,56,4833001530049/,Байрамали,Полотенца банные,белый,48330015300491
25,56,4833001530049/,Байрамали,Полотенца банные,белый,48330015300491
25,56,4833001530049/,Байрамали,Полотенца банные,белый,48330015300491
25,56,4833001530049/,Байрамали,Полотенца банные,белый,48330015300491
25,56,4833001530049/,Байрамали,Полотенца банные,белый,48330015300491
25,56,4833001530049/,Байрамали,Полотенца банные,белый,48330015300491
25,56,4833001530049/,Байрамали,Полотенца банные,белый,48330015300491
25,56,4833001530049/,Байрамали,Полотенца банные,васильковый,48330015300513
25,56,4833001530049/,Байрамали,Полотенца банные,васильковый,48330015300513
25,56,4833001530049/,Байрамали,Полотенца банные,васильковый,48330015300513
25,56,4833001530049/,Байрамали,Полотенца банные,васильковый,48330015300513
25,56,4833001530049/,Байрамали,Полотенца банные,васильковый,48330015300513
25,56,4833001530049/,Байрамали,Полотенца банные,васильковый,48330015300513
25,56,4833001530049/,Байрамали,Полотенца банные,васильковый,48330015300513
25,56,4833001530049/,Байрамали,Полотенца банные,васильковый,48330015300513
25,56,4833001530049/,Байрамали,Полотенца банные,васильковый,48330015300513
25,56,4833001530049/,Байрамали,Полотенца банные,васильковый,48330015300513
25,56,4833001530049/,Байрамали,Полотенца банные,васильковый,48330015300513
25,56,4833001530049/,Байрамали,Полотенца банные,васильковый,48330015300513
25,56,4833001530049/,Байрамали,Полотенца банные,васильковый,48330015300513
25,56,4833001530049/,Байрамали,Полотенца банные,васильковый,48330015300513
25,56,4833001530049/,Байрамали,Полотенца банные,васильковый,48330015300513
25,56,4833001530049/,Байрамали,Полотенца банные,васильковый,48330015300513
25,56,4833001530049/,Байрамали,Полотенца банные,васильковый,48330015300513
25,56,4833001530049/,Байрамали,Полотенца банные,васильковый,48330015300513
25,56,4833001530049/,Байрамали,Полотенца банные,васильковый,48330015300513
25,56,4833001530049/,Байрамали,Полотенца банные,васильковый,48330015300513
25,56,4833001530049/,Байрамали,Полотенца банные,васильковый,48330015300513
25,56,4833001530049/,Байрамали,Полотенца банные,васильковый,48330015300513
25,56,4833001530049/,Байрамали,Полотенца банные,васильковый,48330015300513
25,56,4833001530049/,Байрамали,Полотенца банные,васильковый,48330015300513
25,56,4833001530049/,Байрамали,Полотенца банные,васильковый,48330015300513
25,56,4833001530049/,Байрамали,Полотенца банные,васильковый,48330015300513
25,56,4833001530049/,Байрамали,Полотенца банные,васильковый,48330015300513
25,56,4833001530049/,Байрамали,Полотенца банные,васильковый,48330015300513
25,56,4833001530049/,Байрамали,Полотенца банные,васильковый,48330015300513
25,56,4833001530049/,Байрамали,Полотенца банные,васильковый,48330015300513
25,56,4833001530049/,Байрамали,Полотенца банные,васильковый,48330015300513
25,56,4833001530049/,Байрамали,Полотенца банные,васильковый,48330015300513
25,56,4833001530049/,Байрамали,Полотенца банные,васильковый,48330015300513
25,56,4833001530049/,Байрамали,Полотенца банные,васильковый,48330015300513
25,56,4833001530049/,Байрамали,Полотенца банные,васильковый,48330015300513
25,56,4833001530049/,Байрамали,Полотенца банные,васильковый,48330015300513
25,56,4833001530049/,Байрамали,Полотенца банные,васильковый,48330015300513
25,56,4833001530049/,Байрамали,Полотенца банные,васильковый,48330015300513
25,56,4833001530049/,Байрамали,Полотенца банные,васильковый,48330015300513
25,56,4833001530049/,Байрамали,Полотенца банные,васильковый,48330015300513
25,56,4833001530049/,Байрамали,Полотенца банные,васильковый,48330015300513
25,56,4833001530049/,Байрамали,Полотенца банные,васильковый,48330015300513
25,56,4833001530049/,Байрамали,Полотенца банные,васильковый,48330015300513
25,56,4833001530049/,Байрамали,Полотенца банные,васильковый,48330015300513
25,56,4833001530049/,Байрамали,Полотенца банные,васильковый,48330015300513
25,56,4833001530049/,Байрамали,Полотенца банные,васильковый,48330015300513
25,56,4833001530049/,Байрамали,Полотенца банные,васильковый,48330015300513
25,56,4833001530049/,Байрамали,Полотенца банные,васильковый,48330015300513
25,56,4833001530049/,Байрамали,Полотенца банные,васильковый,48330015300513
25,56,4833001530049/,Байрамали,Полотенца банные,васильковый,48330015300513
25,56,4833001530049/,Байрамали,Полотенца банные,васильковый,48330015300513
25,56,4833001530049/,Байрамали,Полотенца банные,васильковый,48330015300513
25,56,4833001530049/,Байрамали,Полотенца банные,васильковый,48330015300513
25,56,4833001530049/,Байрамали,Полотенца банные,васильковый,48330015300513
25,56,4833001530049/,Байрамали,Полотенца банные,васильковый,48330015300513
25,56,4833001530049/,Байрамали,Полотенца банные,васильковый,48330015300513
25,56,4833001530049/,Байрамали,Полотенца банные,желтый,48330015300500
25,56,4833001530049/,Байрамали,Полотенца банные,желтый,48330015300500
25,56,4833001530049/,Байрамали,Полотенца банные,желтый,48330015300500
25,56,4833001530049/,Байрамали,Полотенца банные,желтый,48330015300500
25,56,4833001530049/,Байрамали,Полотенца банные,желтый,48330015300500
25,56,4833001530049/,Байрамали,Полотенца банные,желтый,48330015300500
25,56,4833001530049/,Байрамали,Полотенца банные,желтый,48330015300500
25,56,4833001530049/,Байрамали,Полотенца банные,желтый,48330015300500
25,56,4833001530049/,Байрамали,Полотенца банные,желтый,48330015300500
25,56,4833001530049/,Байрамали,Полотенца банные,желтый,48330015300500
25,56,4833001530049/,Байрамали,Полотенца банные,желтый,48330015300500
25,56,4833001530049/,Байрамали,Полотенца банные,желтый,48330015300500
25,56,4833001530049/,Байрамали,Полотенца банные,желтый,48330015300500
25,56,4833001530049/,Байрамали,Полотенца банные,желтый,48330015300500
25,56,4833001530049/,Байрамали,Полотенца банные,желтый,48330015300500
25,56,4833001530049/,Байрамали,Полотенца банные,желтый,48330015300500
25,56,4833001530049/,Байрамали,Полотенца банные,желтый,48330015300500
25,56,4833001530049/,Байрамали,Полотенца банные,желтый,48330015300500
25,56,4833001530049/,Байрамали,Полотенца банные,желтый,48330015300500
25,56,4833001530049/,Байрамали,Полотенца банные,желтый,48330015300500
25,56,4833001530049/,Байрамали,Полотенца банные,желтый,48330015300500
25,56,4833001530049/,Байрамали,Полотенца банные,желтый,48330015300500
25,56,4833001530049/,Байрамали,Полотенца банные,желтый,48330015300500
25,56,4833001530049/,Байрамали,Полотенца банные,желтый,48330015300500
25,56,4833001530049/,Байрамали,Полотенца банные,желтый,48330015300500
25,56,4833001530049/,Байрамали,Полотенца банные,желтый,48330015300500
25,56,4833001530049/,Байрамали,Полотенца банные,желтый,48330015300500
25,56,4833001530049/,Байрамали,Полотенца банные,желтый,48330015300500
25,56,4833001530049/,Байрамали,Полотенца банные,желтый,48330015300500
25,56,4833001530049/,Байрамали,Полотенца банные,желтый,48330015300500
25,56,4833001530049/,Байрамали,Полотенца банные,желтый,48330015300500
25,56,4833001530049/,Байрамали,Полотенца банные,желтый,48330015300500
25,56,4833001530049/,Байрамали,Полотенца банные,желтый,48330015300500
25,56,4833001530049/,Байрамали,Полотенца банные,желтый,48330015300500
25,56,4833001530049/,Байрамали,Полотенца банные,желтый,48330015300500
25,56,4833001530049/,Байрамали,Полотенца банные,желтый,48330015300500
25,56,4833001530049/,Байрамали,Полотенца банные,желтый,48330015300500
25,56,4833001530049/,Байрамали,Полотенца банные,желтый,48330015300500
25,56,4833001530049/,Байрамали,Полотенца банные,желтый,48330015300500
25,56,4833001530049/,Байрамали,Полотенца банные,желтый,48330015300500
25,56,4833001530049/,Байрамали,Полотенца банные,желтый,48330015300500
25,56,4833001530049/,Байрамали,Полотенца банные,желтый,48330015300500
25,56,4833001530049/,Байрамали,Полотенца банные,желтый,48330015300500
25,56,4833001530049/,Байрамали,Полотенца банные,желтый,48330015300500
25,56,4833001530049/,Байрамали,Полотенца банные,желтый,48330015300500
25,56,4833001530049/,Байрамали,Полотенца банные,желтый,48330015300500
25,56,4833001530049/,Байрамали,Полотенца банные,желтый,48330015300500
25,56,4833001530049/,Байрамали,Полотенца банные,желтый,48330015300500
25,56,4833001530049/,Байрамали,Полотенца банные,желтый,48330015300500
25,56,4833001530049/,Байрамали,Полотенца банные,желтый,48330015300500
25,56,4833001530049/,Байрамали,Полотенца банные,желтый,48330015300500
25,56,4833001530049/,Байрамали,Полотенца банные,желтый,48330015300500
25,56,4833001530049/,Байрамали,Полотенца банные,желтый,48330015300500
25,56,4833001530049/,Байрамали,Полотенца банные,желтый,48330015300500
25,56,4833001530049/,Байрамали,Полотенца банные,желтый,48330015300500
25,56,4833001530049/,Байрамали,Полотенца банные,желтый,48330015300500
25,56,4833001530049/,Байрамали,Полотенца банные,зеленый,48330015300508
25,56,4833001530049/,Байрамали,Полотенца банные,зеленый,48330015300508
25,56,4833001530049/,Байрамали,Полотенца банные,зеленый,48330015300508
25,56,4833001530049/,Байрамали,Полотенца банные,зеленый,48330015300508
25,56,4833001530049/,Байрамали,Полотенца банные,зеленый,48330015300508
25,56,4833001530049/,Байрамали,Полотенца банные,зеленый,48330015300508
25,56,4833001530049/,Байрамали,Полотенца банные,зеленый,48330015300508
25,56,4833001530049/,Байрамали,Полотенца банные,зеленый,48330015300508
25,56,4833001530049/,Байрамали,Полотенца банные,зеленый,48330015300508
25,56,4833001530049/,Байрамали,Полотенца банные,зеленый,48330015300508
25,56,4833001530049/,Байрамали,Полотенца банные,зеленый,48330015300508
25,56,4833001530049/,Байрамали,Полотенца банные,зеленый,48330015300508
25,56,4833001530049/,Байрамали,Полотенца банные,зеленый,48330015300508
25,56,4833001530049/,Байрамали,Полотенца банные,зеленый,48330015300508
25,56,4833001530049/,Байрамали,Полотенца банные,зеленый,48330015300508
25,56,4833001530049/,Байрамали,Полотенца банные,зеленый,48330015300508
25,56,4833001530049/,Байрамали,Полотенца банные,зеленый,48330015300508
25,56,4833001530049/,Байрамали,Полотенца банные,зеленый,48330015300508
25,56,4833001530049/,Байрамали,Полотенца банные,зеленый,48330015300508
25,56,4833001530049/,Байрамали,Полотенца банные,зеленый,48330015300508
25,56,4833001530049/,Байрамали,Полотенца банные,зеленый,48330015300508
25,56,4833001530049/,Байрамали,Полотенца банные,зеленый,48330015300508
25,56,4833001530049/,Байрамали,Полотенца банные,зеленый,48330015300508
25,56,4833001530049/,Байрамали,Полотенца банные,зеленый,48330015300508
25,56,4833001530049/,Байрамали,Полотенца банные,зеленый,48330015300508
25,56,4833001530049/,Байрамали,Полотенца банные,зеленый,48330015300508
25,56,4833001530049/,Байрамали,Полотенца банные,зеленый,48330015300508
25,56,4833001530049/,Байрамали,Полотенца банные,зеленый,48330015300508
25,56,4833001530049/,Байрамали,Полотенца банные,зеленый,48330015300508
25,56,4833001530049/,Байрамали,Полотенца банные,зеленый,48330015300508
25,56,4833001530049/,Байрамали,Полотенца банные,зеленый,48330015300508
25,56,4833001530049/,Байрамали,Полотенца банные,зеленый,48330015300508
25,56,4833001530049/,Байрамали,Полотенца банные,зеленый,48330015300508
25,56,4833001530049/,Байрамали,Полотенца банные,зеленый,48330015300508
25,56,4833001530049/,Байрамали,Полотенца банные,зеленый,48330015300508
25,56,4833001530049/,Байрамали,Полотенца банные,зеленый,48330015300508
25,56,4833001530049/,Байрамали,Полотенца банные,зеленый,48330015300508
25,56,4833001530049/,Байрамали,Полотенца банные,зеленый,48330015300508
25,56,4833001530049/,Байрамали,Полотенца банные,зеленый,48330015300508
25,56,4833001530049/,Байрамали,Полотенца банные,зеленый,48330015300508
25,56,4833001530049/,Байрамали,Полотенца банные,зеленый,48330015300508
25,56,4833001530049/,Байрамали,Полотенца банные,зеленый,48330015300508
25,56,4833001530049/,Байрамали,Полотенца банные,зеленый,48330015300508
25,56,4833001530049/,Байрамали,Полотенца банные,зеленый,48330015300508
25,56,4833001530049/,Байрамали,Полотенца банные,зеленый,48330015300508
25,56,4833001530049/,Байрамали,Полотенца банные,зеленый,48330015300508
25,56,4833001530049/,Байрамали,Полотенца банные,зеленый,48330015300508
25,56,4833001530049/,Байрамали,Полотенца банные,зеленый,48330015300508
25,56,4833001530049/,Байрамали,Полотенца банные,зеленый,48330015300508
25,56,4833001530049/,Байрамали,Полотенца банные,зеленый,48330015300508
25,56,4833001530049/,Байрамали,Полотенца банные,зеленый,48330015300508
25,56,4833001530049/,Байрамали,Полотенца банные,зеленый,48330015300508
25,56,4833001530049/,Байрамали,Полотенца банные,зеленый,48330015300508
25,56,4833001530049/,Байрамали,Полотенца банные,зеленый,48330015300508
25,56,4833001530049/,Байрамали,Полотенца банные,зеленый,48330015300508
25,56,4833001530049/,Байрамали,Полотенца банные,зеленый,48330015300508
25,56,4833001530049/,Байрамали,Полотенца банные,лимонный,48330015300509
25,56,4833001530049/,Байрамали,Полотенца банные,лимонный,48330015300509
25,56,4833001530049/,Байрамали,Полотенца банные,лимонный,48330015300509
25,56,4833001530049/,Байрамали,Полотенца банные,лимонный,48330015300509
25,56,4833001530049/,Байрамали,Полотенца банные,лимонный,48330015300509
25,56,4833001530049/,Байрамали,Полотенца банные,лимонный,48330015300509
25,56,4833001530049/,Байрамали,Полотенца банные,лимонный,48330015300509
25,56,4833001530049/,Байрамали,Полотенца банные,лимонный,48330015300509
25,56,4833001530049/,Байрамали,Полотенца банные,лимонный,48330015300509
25,56,4833001530049/,Байрамали,Полотенца банные,лимонный,48330015300509
25,56,4833001530049/,Байрамали,Полотенца банные,лимонный,48330015300509
25,56,4833001530049/,Байрамали,Полотенца банные,лимонный,48330015300509
25,56,4833001530049/,Байрамали,Полотенца банные,лимонный,48330015300509
25,56,4833001530049/,Байрамали,Полотенца банные,лимонный,48330015300509
25,56,4833001530049/,Байрамали,Полотенца банные,лимонный,48330015300509
25,56,4833001530049/,Байрамали,Полотенца банные,лимонный,48330015300509
25,56,4833001530049/,Байрамали,Полотенца банные,лимонный,48330015300509
25,56,4833001530049/,Байрамали,Полотенца банные,лимонный,48330015300509
25,56,4833001530049/,Байрамали,Полотенца банные,лимонный,48330015300509
25,56,4833001530049/,Байрамали,Полотенца банные,лимонный,48330015300509
25,56,4833001530049/,Байрамали,Полотенца банные,лимонный,48330015300509
25,56,4833001530049/,Байрамали,Полотенца банные,лимонный,48330015300509
25,56,4833001530049/,Байрамали,Полотенца банные,лимонный,48330015300509
25,56,4833001530049/,Байрамали,Полотенца банные,лимонный,48330015300509
25,56,4833001530049/,Байрамали,Полотенца банные,лимонный,48330015300509
25,56,4833001530049/,Байрамали,Полотенца банные,лимонный,48330015300509
25,56,4833001530049/,Байрамали,Полотенца банные,лимонный,48330015300509
25,56,4833001530049/,Байрамали,Полотенца банные,лимонный,48330015300509
25,56,4833001530049/,Байрамали,Полотенца банные,лимонный,48330015300509
25,56,4833001530049/,Байрамали,Полотенца банные,лимонный,48330015300509
25,56,4833001530049/,Байрамали,Полотенца банные,лимонный,48330015300509
25,56,4833001530049/,Байрамали,Полотенца банные,лимонный,48330015300509
25,56,4833001530049/,Байрамали,Полотенца банные,лимонный,48330015300509
25,56,4833001530049/,Байрамали,Полотенца банные,лимонный,48330015300509
25,56,4833001530049/,Байрамали,Полотенца банные,лимонный,48330015300509
25,56,4833001530049/,Байрамали,Полотенца банные,лимонный,48330015300509
25,56,4833001530049/,Байрамали,Полотенца банные,лимонный,48330015300509
25,56,4833001530049/,Байрамали,Полотенца банные,лимонный,48330015300509
25,56,4833001530049/,Байрамали,Полотенца банные,лимонный,48330015300509
25,56,4833001530049/,Байрамали,Полотенца банные,лимонный,48330015300509
25,56,4833001530049/,Байрамали,Полотенца банные,лимонный,48330015300509
25,56,4833001530049/,Байрамали,Полотенца банные,лимонный,48330015300509
25,56,4833001530049/,Байрамали,Полотенца банные,лимонный,48330015300509
25,56,4833001530049/,Байрамали,Полотенца банные,лимонный,48330015300509
25,56,4833001530049/,Байрамали,Полотенца банные,лимонный,48330015300509
25,56,4833001530049/,Байрамали,Полотенца банные,лимонный,48330015300509
25,56,4833001530049/,Байрамали,Полотенца банные,лимонный,48330015300509
25,56,4833001530049/,Байрамали,Полотенца банные,лимонный,48330015300509
25,56,4833001530049/,Байрамали,Полотенца банные,лимонный,48330015300509
25,56,4833001530049/,Байрамали,Полотенца банные,лимонный,48330015300509
25,56,4833001530049/,Байрамали,Полотенца банные,лимонный,48330015300509
25,56,4833001530049/,Байрамали,Полотенца банные,лимонный,48330015300509
25,56,4833001530049/,Байрамали,Полотенца банные,лимонный,48330015300509
25,56,4833001530049/,Байрамали,Полотенца банные,лимонный,48330015300509
25,56,4833001530049/,Байрамали,Полотенца банные,лимонный,48330015300509
25,56,4833001530049/,Байрамали,Полотенца банные,лимонный,48330015300509
25,56,4833001530049/,Байрамали,Полотенца банные,оранжевый,48330015300510
25,56,4833001530049/,Байрамали,Полотенца банные,оранжевый,48330015300510
25,56,4833001530049/,Байрамали,Полотенца банные,оранжевый,48330015300510
25,56,4833001530049/,Байрамали,Полотенца банные,оранжевый,48330015300510
25,56,4833001530049/,Байрамали,Полотенца банные,оранжевый,48330015300510
25,56,4833001530049/,Байрамали,Полотенца банные,оранжевый,48330015300510
25,56,4833001530049/,Байрамали,Полотенца банные,оранжевый,48330015300510
25,56,4833001530049/,Байрамали,Полотенца банные,оранжевый,48330015300510
25,56,4833001530049/,Байрамали,Полотенца банные,оранжевый,48330015300510
25,56,4833001530049/,Байрамали,Полотенца банные,оранжевый,48330015300510
25,56,4833001530049/,Байрамали,Полотенца банные,оранжевый,48330015300510
25,56,4833001530049/,Байрамали,Полотенца банные,оранжевый,48330015300510
25,56,4833001530049/,Байрамали,Полотенца банные,оранжевый,48330015300510
25,56,4833001530049/,Байрамали,Полотенца банные,оранжевый,48330015300510
25,56,4833001530049/,Байрамали,Полотенца банные,оранжевый,48330015300510
25,56,4833001530049/,Байрамали,Полотенца банные,оранжевый,48330015300510
25,56,4833001530049/,Байрамали,Полотенца банные,оранжевый,48330015300510
25,56,4833001530049/,Байрамали,Полотенца банные,оранжевый,48330015300510
25,56,4833001530049/,Байрамали,Полотенца банные,оранжевый,48330015300510
25,56,4833001530049/,Байрамали,Полотенца банные,оранжевый,48330015300510
25,56,4833001530049/,Байрамали,Полотенца банные,оранжевый,48330015300510
25,56,4833001530049/,Байрамали,Полотенца банные,оранжевый,48330015300510
25,56,4833001530049/,Байрамали,Полотенца банные,оранжевый,48330015300510
25,56,4833001530049/,Байрамали,Полотенца банные,оранжевый,48330015300510
25,56,4833001530049/,Байрамали,Полотенца банные,оранжевый,48330015300510
25,56,4833001530049/,Байрамали,Полотенца банные,оранжевый,48330015300510
25,56,4833001530049/,Байрамали,Полотенца банные,оранжевый,48330015300510
25,56,4833001530049/,Байрамали,Полотенца банные,оранжевый,48330015300510
25,56,4833001530049/,Байрамали,Полотенца банные,оранжевый,48330015300510
25,56,4833001530049/,Байрамали,Полотенца банные,оранжевый,48330015300510
25,56,4833001530049/,Байрамали,Полотенца банные,оранжевый,48330015300510
25,56,4833001530049/,Байрамали,Полотенца банные,оранжевый,48330015300510
25,56,4833001530049/,Байрамали,Полотенца банные,оранжевый,48330015300510
25,56,4833001530049/,Байрамали,Полотенца банные,оранжевый,48330015300510
25,56,4833001530049/,Байрамали,Полотенца банные,оранжевый,48330015300510
25,56,4833001530049/,Байрамали,Полотенца банные,оранжевый,48330015300510
25,56,4833001530049/,Байрамали,Полотенца банные,оранжевый,48330015300510
25,56,4833001530049/,Байрамали,Полотенца банные,оранжевый,48330015300510
25,56,4833001530049/,Байрамали,Полотенца банные,оранжевый,48330015300510
25,56,4833001530049/,Байрамали,Полотенца банные,оранжевый,48330015300510
25,56,4833001530049/,Байрамали,Полотенца банные,оранжевый,48330015300510
25,56,4833001530049/,Байрамали,Полотенца банные,оранжевый,48330015300510
25,56,4833001530049/,Байрамали,Полотенца банные,оранжевый,48330015300510
25,56,4833001530049/,Байрамали,Полотенца банные,оранжевый,48330015300510
25,56,4833001530049/,Байрамали,Полотенца банные,оранжевый,48330015300510
25,56,4833001530049/,Байрамали,Полотенца банные,оранжевый,48330015300510
25,56,4833001530049/,Байрамали,Полотенца банные,оранжевый,48330015300510
25,56,4833001530049/,Байрамали,Полотенца банные,оранжевый,48330015300510
25,56,4833001530049/,Байрамали,Полотенца банные,оранжевый,48330015300510
25,56,4833001530049/,Байрамали,Полотенца банные,оранжевый,48330015300510
25,56,4833001530049/,Байрамали,Полотенца банные,оранжевый,48330015300510
25,56,4833001530049/,Байрамали,Полотенца банные,оранжевый,48330015300510
25,56,4833001530049/,Байрамали,Полотенца банные,оранжевый,48330015300510
25,56,4833001530049/,Байрамали,Полотенца банные,оранжевый,48330015300510
25,56,4833001530049/,Байрамали,Полотенца банные,оранжевый,48330015300510
25,56,4833001530049/,Байрамали,Полотенца банные,оранжевый,48330015300510
25,56,4833001530049/,Байрамали,Полотенца банные,персиковый,48330015300507
25,56,4833001530049/,Байрамали,Полотенца банные,персиковый,48330015300507
25,56,4833001530049/,Байрамали,Полотенца банные,персиковый,48330015300507
25,56,4833001530049/,Байрамали,Полотенца банные,персиковый,48330015300507
25,56,4833001530049/,Байрамали,Полотенца банные,персиковый,48330015300507
25,56,4833001530049/,Байрамали,Полотенца банные,персиковый,48330015300507
25,56,4833001530049/,Байрамали,Полотенца банные,персиковый,48330015300507
25,56,4833001530049/,Байрамали,Полотенца банные,персиковый,48330015300507
25,56,4833001530049/,Байрамали,Полотенца банные,персиковый,48330015300507
25,56,4833001530049/,Байрамали,Полотенца банные,персиковый,48330015300507
25,56,4833001530049/,Байрамали,Полотенца банные,персиковый,48330015300507
25,56,4833001530049/,Байрамали,Полотенца банные,персиковый,48330015300507
25,56,4833001530049/,Байрамали,Полотенца банные,персиковый,48330015300507
25,56,4833001530049/,Байрамали,Полотенца банные,персиковый,48330015300507
25,56,4833001530049/,Байрамали,Полотенца банные,персиковый,48330015300507
25,56,4833001530049/,Байрамали,Полотенца банные,персиковый,48330015300507
25,56,4833001530049/,Байрамали,Полотенца банные,персиковый,48330015300507
25,56,4833001530049/,Байрамали,Полотенца банные,персиковый,48330015300507
25,56,4833001530049/,Байрамали,Полотенца банные,персиковый,48330015300507
25,56,4833001530049/,Байрамали,Полотенца банные,персиковый,48330015300507
25,56,4833001530049/,Байрамали,Полотенца банные,персиковый,48330015300507
25,56,4833001530049/,Байрамали,Полотенца банные,персиковый,48330015300507
25,56,4833001530049/,Байрамали,Полотенца банные,персиковый,48330015300507
25,56,4833001530049/,Байрамали,Полотенца банные,персиковый,48330015300507
25,56,4833001530049/,Байрамали,Полотенца банные,персиковый,48330015300507
25,56,4833001530049/,Байрамали,Полотенца банные,персиковый,48330015300507
25,56,4833001530049/,Байрамали,Полотенца банные,персиковый,48330015300507
25,56,4833001530049/,Байрамали,Полотенца банные,персиковый,48330015300507
25,56,4833001530049/,Байрамали,Полотенца банные,персиковый,48330015300507
25,56,4833001530049/,Байрамали,Полотенца банные,персиковый,48330015300507
25,56,4833001530049/,Байрамали,Полотенца банные,персиковый,48330015300507
25,56,4833001530049/,Байрамали,Полотенца банные,персиковый,48330015300507
25,56,4833001530049/,Байрамали,Полотенца банные,персиковый,48330015300507
25,56,4833001530049/,Байрамали,Полотенца банные,персиковый,48330015300507
25,56,4833001530049/,Байрамали,Полотенца банные,персиковый,48330015300507
25,56,4833001530049/,Байрамали,Полотенца банные,персиковый,48330015300507
25,56,4833001530049/,Байрамали,Полотенца банные,персиковый,48330015300507
25,56,4833001530049/,Байрамали,Полотенца банные,персиковый,48330015300507
25,56,4833001530049/,Байрамали,Полотенца банные,персиковый,48330015300507
25,56,4833001530049/,Байрамали,Полотенца банные,персиковый,48330015300507
25,56,4833001530049/,Байрамали,Полотенца банные,персиковый,48330015300507
25,56,4833001530049/,Байрамали,Полотенца банные,персиковый,48330015300507
25,56,4833001530049/,Байрамали,Полотенца банные,персиковый,48330015300507
25,56,4833001530049/,Байрамали,Полотенца банные,персиковый,48330015300507
25,56,4833001530049/,Байрамали,Полотенца банные,персиковый,48330015300507
25,56,4833001530049/,Байрамали,Полотенца банные,персиковый,48330015300507
25,56,4833001530049/,Байрамали,Полотенца банные,персиковый,48330015300507
25,56,4833001530049/,Байрамали,Полотенца банные,персиковый,48330015300507
25,56,4833001530049/,Байрамали,Полотенца банные,персиковый,48330015300507
25,56,4833001530049/,Байрамали,Полотенца банные,персиковый,48330015300507
25,56,4833001530049/,Байрамали,Полотенца банные,персиковый,48330015300507
25,56,4833001530049/,Байрамали,Полотенца банные,персиковый,48330015300507
25,56,4833001530049/,Байрамали,Полотенца банные,персиковый,48330015300507
25,56,4833001530049/,Байрамали,Полотенца банные,персиковый,48330015300507
25,56,4833001530049/,Байрамали,Полотенца банные,персиковый,48330015300507
25,56,4833001530049/,Байрамали,Полотенца банные,персиковый,48330015300507
25,56,4833001530049/,Байрамали,Полотенца банные,светло-голубой,48330015300504
25,56,4833001530049/,Байрамали,Полотенца банные,светло-голубой,48330015300504
25,56,4833001530049/,Байрамали,Полотенца банные,светло-голубой,48330015300504
25,56,4833001530049/,Байрамали,Полотенца банные,светло-голубой,48330015300504
25,56,4833001530049/,Байрамали,Полотенца банные,светло-голубой,48330015300504
25,56,4833001530049/,Байрамали,Полотенца банные,светло-голубой,48330015300504
25,56,4833001530049/,Байрамали,Полотенца банные,светло-голубой,48330015300504
25,56,4833001530049/,Байрамали,Полотенца банные,светло-голубой,48330015300504
25,56,4833001530049/,Байрамали,Полотенца банные,светло-голубой,48330015300504
25,56,4833001530049/,Байрамали,Полотенца банные,светло-голубой,48330015300504
25,56,4833001530049/,Байрамали,Полотенца банные,светло-голубой,48330015300504
25,56,4833001530049/,Байрамали,Полотенца банные,светло-голубой,48330015300504
25,56,4833001530049/,Байрамали,Полотенца банные,светло-голубой,48330015300504
25,56,4833001530049/,Байрамали,Полотенца банные,светло-голубой,48330015300504
25,56,4833001530049/,Байрамали,Полотенца банные,светло-голубой,48330015300504
25,56,4833001530049/,Байрамали,Полотенца банные,светло-голубой,48330015300504
25,56,4833001530049/,Байрамали,Полотенца банные,светло-голубой,48330015300504
25,56,4833001530049/,Байрамали,Полотенца банные,светло-голубой,48330015300504
25,56,4833001530049/,Байрамали,Полотенца банные,светло-голубой,48330015300504
25,56,4833001530049/,Байрамали,Полотенца банные,светло-голубой,48330015300504
25,56,4833001530049/,Байрамали,Полотенца банные,светло-голубой,48330015300504
25,56,4833001530049/,Байрамали,Полотенца банные,светло-голубой,48330015300504
25,56,4833001530049/,Байрамали,Полотенца банные,светло-голубой,48330015300504
25,56,4833001530049/,Байрамали,Полотенца банные,светло-голубой,48330015300504
25,56,4833001530049/,Байрамали,Полотенца банные,светло-голубой,48330015300504
25,56,4833001530049/,Байрамали,Полотенца банные,светло-голубой,48330015300504
25,56,4833001530049/,Байрамали,Полотенца банные,светло-голубой,48330015300504
25,56,4833001530049/,Байрамали,Полотенца банные,светло-голубой,48330015300504
25,56,4833001530049/,Байрамали,Полотенца банные,светло-голубой,48330015300504
25,56,4833001530049/,Байрамали,Полотенца банные,светло-голубой,48330015300504
25,56,4833001530049/,Байрамали,Полотенца банные,светло-голубой,48330015300504
25,56,4833001530049/,Байрамали,Полотенца банные,светло-голубой,48330015300504
25,56,4833001530049/,Байрамали,Полотенца банные,светло-голубой,48330015300504
25,56,4833001530049/,Байрамали,Полотенца банные,светло-голубой,48330015300504
25,56,4833001530049/,Байрамали,Полотенца банные,светло-голубой,48330015300504
25,56,4833001530049/,Байрамали,Полотенца банные,светло-голубой,48330015300504
25,56,4833001530049/,Байрамали,Полотенца банные,светло-голубой,48330015300504
25,56,4833001530049/,Байрамали,Полотенца банные,светло-голубой,48330015300504
25,56,4833001530049/,Байрамали,Полотенца банные,светло-голубой,48330015300504
25,56,4833001530049/,Байрамали,Полотенца банные,светло-голубой,48330015300504
25,56,4833001530049/,Байрамали,Полотенца банные,светло-голубой,48330015300504
25,56,4833001530049/,Байрамали,Полотенца банные,светло-голубой,48330015300504
25,56,4833001530049/,Байрамали,Полотенца банные,светло-голубой,48330015300504
25,56,4833001530049/,Байрамали,Полотенца банные,светло-голубой,48330015300504
25,56,4833001530049/,Байрамали,Полотенца банные,светло-голубой,48330015300504
25,56,4833001530049/,Байрамали,Полотенца банные,светло-голубой,48330015300504
25,56,4833001530049/,Байрамали,Полотенца банные,светло-голубой,48330015300504
25,56,4833001530049/,Байрамали,Полотенца банные,светло-голубой,48330015300504
25,56,4833001530049/,Байрамали,Полотенца банные,светло-голубой,48330015300504
25,56,4833001530049/,Байрамали,Полотенца банные,светло-голубой,48330015300504
25,56,4833001530049/,Байрамали,Полотенца банные,светло-голубой,48330015300504
25,56,4833001530049/,Байрамали,Полотенца банные,светло-голубой,48330015300504
25,56,4833001530049/,Байрамали,Полотенца банные,светло-голубой,48330015300504
25,56,4833001530049/,Байрамали,Полотенца банные,светло-голубой,48330015300504
25,56,4833001530049/,Байрамали,Полотенца банные,светло-голубой,48330015300504
25,56,4833001530049/,Байрамали,Полотенца банные,светло-голубой,48330015300504
25,56,4833001530049/,Байрамали,Полотенца банные,светло-зеленый,48330015300506
25,56,4833001530049/,Байрамали,Полотенца банные,светло-зеленый,48330015300506
25,56,4833001530049/,Байрамали,Полотенца банные,светло-зеленый,48330015300506
25,56,4833001530049/,Байрамали,Полотенца банные,светло-зеленый,48330015300506
25,56,4833001530049/,Байрамали,Полотенца банные,светло-зеленый,48330015300506
25,56,4833001530049/,Байрамали,Полотенца банные,светло-зеленый,48330015300506
25,56,4833001530049/,Байрамали,Полотенца банные,светло-зеленый,48330015300506
25,56,4833001530049/,Байрамали,Полотенца банные,светло-зеленый,48330015300506
25,56,4833001530049/,Байрамали,Полотенца банные,светло-зеленый,48330015300506
25,56,4833001530049/,Байрамали,Полотенца банные,светло-зеленый,48330015300506
25,56,4833001530049/,Байрамали,Полотенца банные,светло-зеленый,48330015300506
25,56,4833001530049/,Байрамали,Полотенца банные,светло-зеленый,48330015300506
25,56,4833001530049/,Байрамали,Полотенца банные,светло-зеленый,48330015300506
25,56,4833001530049/,Байрамали,Полотенца банные,светло-зеленый,48330015300506
25,56,4833001530049/,Байрамали,Полотенца банные,светло-зеленый,48330015300506
25,56,4833001530049/,Байрамали,Полотенца банные,светло-зеленый,48330015300506
25,56,4833001530049/,Байрамали,Полотенца банные,светло-зеленый,48330015300506
25,56,4833001530049/,Байрамали,Полотенца банные,светло-зеленый,48330015300506
25,56,4833001530049/,Байрамали,Полотенца банные,светло-зеленый,48330015300506
25,56,4833001530049/,Байрамали,Полотенца банные,светло-зеленый,48330015300506
25,56,4833001530049/,Байрамали,Полотенца банные,светло-зеленый,48330015300506
25,56,4833001530049/,Байрамали,Полотенца банные,светло-зеленый,48330015300506
25,56,4833001530049/,Байрамали,Полотенца банные,светло-зеленый,48330015300506
25,56,4833001530049/,Байрамали,Полотенца банные,светло-зеленый,48330015300506
25,56,4833001530049/,Байрамали,Полотенца банные,светло-зеленый,48330015300506
25,56,4833001530049/,Байрамали,Полотенца банные,светло-зеленый,48330015300506
25,56,4833001530049/,Байрамали,Полотенца банные,светло-зеленый,48330015300506
25,56,4833001530049/,Байрамали,Полотенца банные,светло-зеленый,48330015300506
25,56,4833001530049/,Байрамали,Полотенца банные,светло-зеленый,48330015300506
25,56,4833001530049/,Байрамали,Полотенца банные,светло-зеленый,48330015300506
25,56,4833001530049/,Байрамали,Полотенца банные,светло-зеленый,48330015300506
25,56,4833001530049/,Байрамали,Полотенца банные,светло-зеленый,48330015300506
25,56,4833001530049/,Байрамали,Полотенца банные,светло-зеленый,48330015300506
25,56,4833001530049/,Байрамали,Полотенца банные,светло-зеленый,48330015300506
25,56,4833001530049/,Байрамали,Полотенца банные,светло-зеленый,48330015300506
25,56,4833001530049/,Байрамали,Полотенца банные,светло-зеленый,48330015300506
25,56,4833001530049/,Байрамали,Полотенца банные,светло-зеленый,48330015300506
25,56,4833001530049/,Байрамали,Полотенца банные,светло-зеленый,48330015300506
25,56,4833001530049/,Байрамали,Полотенца банные,светло-зеленый,48330015300506
25,56,4833001530049/,Байрамали,Полотенца банные,светло-зеленый,48330015300506
25,56,4833001530049/,Байрамали,Полотенца банные,светло-зеленый,48330015300506
25,56,4833001530049/,Байрамали,Полотенца банные,светло-зеленый,48330015300506
25,56,4833001530049/,Байрамали,Полотенца банные,светло-зеленый,48330015300506
25,56,4833001530049/,Байрамали,Полотенца банные,светло-зеленый,48330015300506
25,56,4833001530049/,Байрамали,Полотенца банные,светло-зеленый,48330015300506
25,56,4833001530049/,Байрамали,Полотенца банные,светло-зеленый,48330015300506
25,56,4833001530049/,Байрамали,Полотенца банные,светло-зеленый,48330015300506
25,56,4833001530049/,Байрамали,Полотенца банные,светло-зеленый,48330015300506
25,56,4833001530049/,Байрамали,Полотенца банные,светло-зеленый,48330015300506
25,56,4833001530049/,Байрамали,Полотенца банные,светло-зеленый,48330015300506
25,56,4833001530049/,Байрамали,Полотенца банные,светло-зеленый,48330015300506
25,56,4833001530049/,Байрамали,Полотенца банные,светло-зеленый,48330015300506
25,56,4833001530049/,Байрамали,Полотенца банные,светло-зеленый,48330015300506
25,56,4833001530049/,Байрамали,Полотенца банные,светло-зеленый,48330015300506
25,56,4833001530049/,Байрамали,Полотенца банные,светло-зеленый,48330015300506
25,56,4833001530049/,Байрамали,Полотенца банные,светло-зеленый,48330015300506
25,56,4833001530049/,Байрамали,Полотенца банные,темно-оливковый,48330015300512
25,56,4833001530049/,Байрамали,Полотенца банные,темно-оливковый,48330015300512
25,56,4833001530049/,Байрамали,Полотенца банные,темно-оливковый,48330015300512
25,56,4833001530049/,Байрамали,Полотенца банные,темно-оливковый,48330015300512
25,56,4833001530049/,Байрамали,Полотенца банные,темно-оливковый,48330015300512
25,56,4833001530049/,Байрамали,Полотенца банные,темно-оливковый,48330015300512
25,56,4833001530049/,Байрамали,Полотенца банные,темно-оливковый,48330015300512
25,56,4833001530049/,Байрамали,Полотенца банные,темно-оливковый,48330015300512
25,56,4833001530049/,Байрамали,Полотенца банные,темно-оливковый,48330015300512
25,56,4833001530049/,Байрамали,Полотенца банные,темно-оливковый,48330015300512
25,56,4833001530049/,Байрамали,Полотенца банные,темно-оливковый,48330015300512
25,56,4833001530049/,Байрамали,Полотенца банные,темно-оливковый,48330015300512
25,56,4833001530049/,Байрамали,Полотенца банные,темно-оливковый,48330015300512
25,56,4833001530049/,Байрамали,Полотенца банные,темно-оливковый,48330015300512
25,56,4833001530049/,Байрамали,Полотенца банные,темно-оливковый,48330015300512
25,56,4833001530049/,Байрамали,Полотенца банные,темно-оливковый,48330015300512
25,56,4833001530049/,Байрамали,Полотенца банные,темно-оливковый,48330015300512
25,56,4833001530049/,Байрамали,Полотенца банные,темно-оливковый,48330015300512
25,56,4833001530049/,Байрамали,Полотенца банные,темно-оливковый,48330015300512
25,56,4833001530049/,Байрамали,Полотенца банные,темно-оливковый,48330015300512
25,56,4833001530049/,Байрамали,Полотенца банные,темно-оливковый,48330015300512
25,56,4833001530049/,Байрамали,Полотенца банные,темно-оливковый,48330015300512
25,56,4833001530049/,Байрамали,Полотенца банные,темно-оливковый,48330015300512
25,56,4833001530049/,Байрамали,Полотенца банные,темно-оливковый,48330015300512
25,56,4833001530049/,Байрамали,Полотенца банные,темно-оливковый,48330015300512
25,56,4833001530049/,Байрамали,Полотенца банные,темно-оливковый,48330015300512
25,56,4833001530049/,Байрамали,Полотенца банные,темно-оливковый,48330015300512
25,56,4833001530049/,Байрамали,Полотенца банные,темно-оливковый,48330015300512
25,56,4833001530049/,Байрамали,Полотенца банные,темно-оливковый,48330015300512
25,56,4833001530049/,Байрамали,Полотенца банные,темно-оливковый,48330015300512
25,56,4833001530049/,Байрамали,Полотенца банные,темно-оливковый,48330015300512
25,56,4833001530049/,Байрамали,Полотенца банные,темно-оливковый,48330015300512
25,56,4833001530049/,Байрамали,Полотенца банные,темно-оливковый,48330015300512
25,56,4833001530049/,Байрамали,Полотенца банные,темно-оливковый,48330015300512
25,56,4833001530049/,Байрамали,Полотенца банные,темно-оливковый,48330015300512
25,56,4833001530049/,Байрамали,Полотенца банные,темно-оливковый,48330015300512
25,56,4833001530049/,Байрамали,Полотенца банные,темно-оливковый,48330015300512
25,56,4833001530049/,Байрамали,Полотенца банные,темно-оливковый,48330015300512
25,56,4833001530049/,Байрамали,Полотенца банные,темно-оливковый,48330015300512
25,56,4833001530049/,Байрамали,Полотенца банные,темно-оливковый,48330015300512
25,56,4833001530049/,Байрамали,Полотенца банные,темно-оливковый,48330015300512
25,56,4833001530049/,Байрамали,Полотенца банные,темно-оливковый,48330015300512
25,56,4833001530049/,Байрамали,Полотенца банные,темно-оливковый,48330015300512
25,56,4833001530049/,Байрамали,Полотенца банные,темно-оливковый,48330015300512
25,56,4833001530049/,Байрамали,Полотенца банные,темно-оливковый,48330015300512
25,56,4833001530049/,Байрамали,Полотенца банные,темно-оливковый,48330015300512
25,56,4833001530049/,Байрамали,Полотенца банные,темно-оливковый,48330015300512
25,56,4833001530049/,Байрамали,Полотенца банные,темно-оливковый,48330015300512
25,56,4833001530049/,Байрамали,Полотенца банные,темно-оливковый,48330015300512
25,56,4833001530049/,Байрамали,Полотенца банные,темно-оливковый,48330015300512
25,56,4833001530049/,Байрамали,Полотенца банные,темно-оливковый,48330015300512
25,56,4833001530049/,Байрамали,Полотенца банные,темно-оливковый,48330015300512
25,56,4833001530049/,Байрамали,Полотенца банные,темно-оливковый,48330015300512
25,56,4833001530049/,Байрамали,Полотенца банные,темно-оливковый,48330015300512
25,56,4833001530049/,Байрамали,Полотенца банные,темно-оливковый,48330015300512
25,56,4833001530049/,Байрамали,Полотенца банные,темно-оливковый,48330015300512
25,56,4833001530063/,Байрамали,Полотенца банные,белый,48330015300631
25,56,4833001530063/,Байрамали,Полотенца банные,белый,48330015300631
25,56,4833001530063/,Байрамали,Полотенца банные,белый,48330015300631
25,56,4833001530063/,Байрамали,Полотенца банные,белый,48330015300631
25,56,4833001530063/,Байрамали,Полотенца банные,белый,48330015300631
25,56,4833001530063/,Байрамали,Полотенца банные,белый,48330015300631
25,56,4833001530063/,Байрамали,Полотенца банные,белый,48330015300631
25,56,4833001530063/,Байрамали,Полотенца банные,белый,48330015300631
25,56,4833001530063/,Байрамали,Полотенца банные,белый,48330015300631
25,56,4833001530063/,Байрамали,Полотенца банные,белый,48330015300631
25,56,4833001530063/,Байрамали,Полотенца банные,белый,48330015300631
25,56,4833001530063/,Байрамали,Полотенца банные,белый,48330015300631
25,56,4833001530063/,Байрамали,Полотенца банные,белый,48330015300631
25,56,4833001530063/,Байрамали,Полотенца банные,белый,48330015300631
25,56,4833001530063/,Байрамали,Полотенца банные,белый,48330015300631
25,56,4833001530063/,Байрамали,Полотенца банные,белый,48330015300631
25,56,4833001530063/,Байрамали,Полотенца банные,белый,48330015300631
25,56,4833001530063/,Байрамали,Полотенца банные,белый,48330015300631
25,56,4833001530063/,Байрамали,Полотенца банные,белый,48330015300631
25,56,4833001530063/,Байрамали,Полотенца банные,белый,48330015300631
25,56,4833001530063/,Байрамали,Полотенца банные,белый,48330015300631
25,56,4833001530063/,Байрамали,Полотенца банные,белый,48330015300631
25,56,4833001530063/,Байрамали,Полотенца банные,белый,48330015300631
25,56,4833001530063/,Байрамали,Полотенца банные,белый,48330015300631
25,56,4833001530063/,Байрамали,Полотенца банные,белый,48330015300631
25,56,4833001530063/,Байрамали,Полотенца банные,белый,48330015300631
25,56,4833001530063/,Байрамали,Полотенца банные,белый,48330015300631
25,56,4833001530063/,Байрамали,Полотенца банные,белый,48330015300631
25,56,4833001530063/,Байрамали,Полотенца банные,белый,48330015300631
25,56,4833001530063/,Байрамали,Полотенца банные,белый,48330015300631
25,56,4833001530063/,Байрамали,Полотенца банные,белый,48330015300631
25,56,4833001530063/,Байрамали,Полотенца банные,белый,48330015300631
25,56,4833001530063/,Байрамали,Полотенца банные,белый,48330015300631
25,56,4833001530063/,Байрамали,Полотенца банные,белый,48330015300631
25,56,4833001530063/,Байрамали,Полотенца банные,белый,48330015300631
25,56,4833001530063/,Байрамали,Полотенца банные,белый,48330015300631
25,56,4833001530063/,Байрамали,Полотенца банные,белый,48330015300631
25,56,4833001530063/,Байрамали,Полотенца банные,белый,48330015300631
25,56,4833001530063/,Байрамали,Полотенца банные,белый,48330015300631
25,56,4833001530063/,Байрамали,Полотенца банные,белый,48330015300631
25,56,4833001530063/,Байрамали,Полотенца банные,белый,48330015300631
25,56,4833001530063/,Байрамали,Полотенца банные,белый,48330015300631
25,56,4833001530063/,Байрамали,Полотенца банные,белый,48330015300631
25,56,4833001530063/,Байрамали,Полотенца банные,белый,48330015300631
25,56,4833001530063/,Байрамали,Полотенца банные,белый,48330015300631
25,56,4833001530063/,Байрамали,Полотенца банные,белый,48330015300631
25,56,4833001530063/,Байрамали,Полотенца банные,белый,48330015300631
25,56,4833001530063/,Байрамали,Полотенца банные,белый,48330015300631
25,56,4833001530063/,Байрамали,Полотенца банные,белый,48330015300631
25,56,4833001530063/,Байрамали,Полотенца банные,белый,48330015300631
25,56,4833001530063/,Байрамали,Полотенца банные,белый,48330015300631
25,56,4833001530063/,Байрамали,Полотенца банные,белый,48330015300631
25,56,4833001530063/,Байрамали,Полотенца банные,белый,48330015300631
25,56,4833001530063/,Байрамали,Полотенца банные,белый,48330015300631
25,56,4833001530063/,Байрамали,Полотенца банные,белый,48330015300631
25,56,4833001530063/,Байрамали,Полотенца банные,белый,48330015300631
25,56,4833001530063/,Байрамали,Полотенца банные,голубой,48330015300640
25,56,4833001530063/,Байрамали,Полотенца банные,голубой,48330015300640
25,56,4833001530063/,Байрамали,Полотенца банные,голубой,48330015300640
25,56,4833001530063/,Байрамали,Полотенца банные,голубой,48330015300640
25,56,4833001530063/,Байрамали,Полотенца банные,голубой,48330015300640
25,56,4833001530063/,Байрамали,Полотенца банные,голубой,48330015300640
25,56,4833001530063/,Байрамали,Полотенца банные,голубой,48330015300640
25,56,4833001530063/,Байрамали,Полотенца банные,голубой,48330015300640
25,56,4833001530063/,Байрамали,Полотенца банные,голубой,48330015300640
25,56,4833001530063/,Байрамали,Полотенца банные,голубой,48330015300640
25,56,4833001530063/,Байрамали,Полотенца банные,голубой,48330015300640
25,56,4833001530063/,Байрамали,Полотенца банные,голубой,48330015300640
25,56,4833001530063/,Байрамали,Полотенца банные,голубой,48330015300640
25,56,4833001530063/,Байрамали,Полотенца банные,голубой,48330015300640
25,56,4833001530063/,Байрамали,Полотенца банные,голубой,48330015300640
25,56,4833001530063/,Байрамали,Полотенца банные,голубой,48330015300640
25,56,4833001530063/,Байрамали,Полотенца банные,голубой,48330015300640
25,56,4833001530063/,Байрамали,Полотенца банные,голубой,48330015300640
25,56,4833001530063/,Байрамали,Полотенца банные,голубой,48330015300640
25,56,4833001530063/,Байрамали,Полотенца банные,голубой,48330015300640
25,56,4833001530063/,Байрамали,Полотенца банные,голубой,48330015300640
25,56,4833001530063/,Байрамали,Полотенца банные,голубой,48330015300640
25,56,4833001530063/,Байрамали,Полотенца банные,голубой,48330015300640
25,56,4833001530063/,Байрамали,Полотенца банные,голубой,48330015300640
25,56,4833001530063/,Байрамали,Полотенца банные,голубой,48330015300640
25,56,4833001530063/,Байрамали,Полотенца банные,голубой,48330015300640
25,56,4833001530063/,Байрамали,Полотенца банные,голубой,48330015300640
25,56,4833001530063/,Байрамали,Полотенца банные,голубой,48330015300640
25,56,4833001530063/,Байрамали,Полотенца банные,голубой,48330015300640
25,56,4833001530063/,Байрамали,Полотенца банные,голубой,48330015300640
25,56,4833001530063/,Байрамали,Полотенца банные,голубой,48330015300640
25,56,4833001530063/,Байрамали,Полотенца банные,голубой,48330015300640
25,56,4833001530063/,Байрамали,Полотенца банные,голубой,48330015300640
25,56,4833001530063/,Байрамали,Полотенца банные,голубой,48330015300640
25,56,4833001530063/,Байрамали,Полотенца банные,голубой,48330015300640
25,56,4833001530063/,Байрамали,Полотенца банные,голубой,48330015300640
25,56,4833001530063/,Байрамали,Полотенца банные,голубой,48330015300640
25,56,4833001530063/,Байрамали,Полотенца банные,голубой,48330015300640
25,56,4833001530063/,Байрамали,Полотенца банные,голубой,48330015300640
25,56,4833001530063/,Байрамали,Полотенца банные,голубой,48330015300640
25,56,4833001530063/,Байрамали,Полотенца банные,голубой,48330015300640
25,56,4833001530063/,Байрамали,Полотенца банные,голубой,48330015300640
25,56,4833001530063/,Байрамали,Полотенца банные,голубой,48330015300640
25,56,4833001530063/,Байрамали,Полотенца банные,голубой,48330015300640
25,56,4833001530063/,Байрамали,Полотенца банные,голубой,48330015300640
25,56,4833001530063/,Байрамали,Полотенца банные,голубой,48330015300640
25,56,4833001530063/,Байрамали,Полотенца банные,голубой,48330015300640
25,56,4833001530063/,Байрамали,Полотенца банные,голубой,48330015300640
25,56,4833001530063/,Байрамали,Полотенца банные,голубой,48330015300640
25,56,4833001530063/,Байрамали,Полотенца банные,голубой,48330015300640
25,56,4833001530063/,Байрамали,Полотенца банные,голубой,48330015300640
25,56,4833001530063/,Байрамали,Полотенца банные,голубой,48330015300640
25,56,4833001530063/,Байрамали,Полотенца банные,голубой,48330015300640
25,56,4833001530063/,Байрамали,Полотенца банные,голубой,48330015300640
25,56,4833001530063/,Байрамали,Полотенца банные,голубой,48330015300640
25,56,4833001530063/,Байрамали,Полотенца банные,голубой,48330015300640
25,56,4833001530063/,Байрамали,Полотенца банные,зеленый,48330015300648
25,56,4833001530063/,Байрамали,Полотенца банные,зеленый,48330015300648
25,56,4833001530063/,Байрамали,Полотенца банные,зеленый,48330015300648
25,56,4833001530063/,Байрамали,Полотенца банные,зеленый,48330015300648
25,56,4833001530063/,Байрамали,Полотенца банные,зеленый,48330015300648
25,56,4833001530063/,Байрамали,Полотенца банные,зеленый,48330015300648
25,56,4833001530063/,Байрамали,Полотенца банные,зеленый,48330015300648
25,56,4833001530063/,Байрамали,Полотенца банные,зеленый,48330015300648
25,56,4833001530063/,Байрамали,Полотенца банные,зеленый,48330015300648
25,56,4833001530063/,Байрамали,Полотенца банные,зеленый,48330015300648
25,56,4833001530063/,Байрамали,Полотенца банные,зеленый,48330015300648
25,56,4833001530063/,Байрамали,Полотенца банные,зеленый,48330015300648
25,56,4833001530063/,Байрамали,Полотенца банные,зеленый,48330015300648
25,56,4833001530063/,Байрамали,Полотенца банные,зеленый,48330015300648
25,56,4833001530063/,Байрамали,Полотенца банные,зеленый,48330015300648
25,56,4833001530063/,Байрамали,Полотенца банные,зеленый,48330015300648
25,56,4833001530063/,Байрамали,Полотенца банные,зеленый,48330015300648
25,56,4833001530063/,Байрамали,Полотенца банные,зеленый,48330015300648
25,56,4833001530063/,Байрамали,Полотенца банные,зеленый,48330015300648
25,56,4833001530063/,Байрамали,Полотенца банные,зеленый,48330015300648
25,56,4833001530063/,Байрамали,Полотенца банные,зеленый,48330015300648
25,56,4833001530063/,Байрамали,Полотенца банные,зеленый,48330015300648
25,56,4833001530063/,Байрамали,Полотенца банные,зеленый,48330015300648
25,56,4833001530063/,Байрамали,Полотенца банные,зеленый,48330015300648
25,56,4833001530063/,Байрамали,Полотенца банные,зеленый,48330015300648
25,56,4833001530063/,Байрамали,Полотенца банные,зеленый,48330015300648
25,56,4833001530063/,Байрамали,Полотенца банные,зеленый,48330015300648
25,56,4833001530063/,Байрамали,Полотенца банные,зеленый,48330015300648
25,56,4833001530063/,Байрамали,Полотенца банные,зеленый,48330015300648
25,56,4833001530063/,Байрамали,Полотенца банные,зеленый,48330015300648
25,56,4833001530063/,Байрамали,Полотенца банные,зеленый,48330015300648
25,56,4833001530063/,Байрамали,Полотенца банные,зеленый,48330015300648
25,56,4833001530063/,Байрамали,Полотенца банные,зеленый,48330015300648
25,56,4833001530063/,Байрамали,Полотенца банные,зеленый,48330015300648
25,56,4833001530063/,Байрамали,Полотенца банные,зеленый,48330015300648
25,56,4833001530063/,Байрамали,Полотенца банные,зеленый,48330015300648
25,56,4833001530063/,Байрамали,Полотенца банные,зеленый,48330015300648
25,56,4833001530063/,Байрамали,Полотенца банные,зеленый,48330015300648
25,56,4833001530063/,Байрамали,Полотенца банные,зеленый,48330015300648
25,56,4833001530063/,Байрамали,Полотенца банные,зеленый,48330015300648
25,56,4833001530063/,Байрамали,Полотенца банные,зеленый,48330015300648
25,56,4833001530063/,Байрамали,Полотенца банные,зеленый,48330015300648
25,56,4833001530063/,Байрамали,Полотенца банные,зеленый,48330015300648
25,56,4833001530063/,Байрамали,Полотенца банные,зеленый,48330015300648
25,56,4833001530063/,Байрамали,Полотенца банные,зеленый,48330015300648
25,56,4833001530063/,Байрамали,Полотенца банные,зеленый,48330015300648
25,56,4833001530063/,Байрамали,Полотенца банные,зеленый,48330015300648
25,56,4833001530063/,Байрамали,Полотенца банные,зеленый,48330015300648
25,56,4833001530063/,Байрамали,Полотенца банные,зеленый,48330015300648
25,56,4833001530063/,Байрамали,Полотенца банные,зеленый,48330015300648
25,56,4833001530063/,Байрамали,Полотенца банные,зеленый,48330015300648
25,56,4833001530063/,Байрамали,Полотенца банные,зеленый,48330015300648
25,56,4833001530063/,Байрамали,Полотенца банные,зеленый,48330015300648
25,56,4833001530063/,Байрамали,Полотенца банные,зеленый,48330015300648
25,56,4833001530063/,Байрамали,Полотенца банные,зеленый,48330015300648
25,56,4833001530063/,Байрамали,Полотенца банные,зеленый,48330015300648
25,56,4833001530063/,Байрамали,Полотенца банные,лимонный,48330015300645
25,56,4833001530063/,Байрамали,Полотенца банные,лимонный,48330015300645
25,56,4833001530063/,Байрамали,Полотенца банные,лимонный,48330015300645
25,56,4833001530063/,Байрамали,Полотенца банные,лимонный,48330015300645
25,56,4833001530063/,Байрамали,Полотенца банные,лимонный,48330015300645
25,56,4833001530063/,Байрамали,Полотенца банные,лимонный,48330015300645
25,56,4833001530063/,Байрамали,Полотенца банные,лимонный,48330015300645
25,56,4833001530063/,Байрамали,Полотенца банные,лимонный,48330015300645
25,56,4833001530063/,Байрамали,Полотенца банные,лимонный,48330015300645
25,56,4833001530063/,Байрамали,Полотенца банные,лимонный,48330015300645
25,56,4833001530063/,Байрамали,Полотенца банные,лимонный,48330015300645
25,56,4833001530063/,Байрамали,Полотенца банные,лимонный,48330015300645
25,56,4833001530063/,Байрамали,Полотенца банные,лимонный,48330015300645
25,56,4833001530063/,Байрамали,Полотенца банные,лимонный,48330015300645
25,56,4833001530063/,Байрамали,Полотенца банные,лимонный,48330015300645
25,56,4833001530063/,Байрамали,Полотенца банные,лимонный,48330015300645
25,56,4833001530063/,Байрамали,Полотенца банные,лимонный,48330015300645
25,56,4833001530063/,Байрамали,Полотенца банные,лимонный,48330015300645
25,56,4833001530063/,Байрамали,Полотенца банные,лимонный,48330015300645
25,56,4833001530063/,Байрамали,Полотенца банные,лимонный,48330015300645
25,56,4833001530063/,Байрамали,Полотенца банные,лимонный,48330015300645
25,56,4833001530063/,Байрамали,Полотенца банные,лимонный,48330015300645
25,56,4833001530063/,Байрамали,Полотенца банные,лимонный,48330015300645
25,56,4833001530063/,Байрамали,Полотенца банные,лимонный,48330015300645
25,56,4833001530063/,Байрамали,Полотенца банные,лимонный,48330015300645
25,56,4833001530063/,Байрамали,Полотенца банные,лимонный,48330015300645
25,56,4833001530063/,Байрамали,Полотенца банные,лимонный,48330015300645
25,56,4833001530063/,Байрамали,Полотенца банные,лимонный,48330015300645
25,56,4833001530063/,Байрамали,Полотенца банные,лимонный,48330015300645
25,56,4833001530063/,Байрамали,Полотенца банные,лимонный,48330015300645
25,56,4833001530063/,Байрамали,Полотенца банные,лимонный,48330015300645
25,56,4833001530063/,Байрамали,Полотенца банные,лимонный,48330015300645
25,56,4833001530063/,Байрамали,Полотенца банные,лимонный,48330015300645
25,56,4833001530063/,Байрамали,Полотенца банные,лимонный,48330015300645
25,56,4833001530063/,Байрамали,Полотенца банные,лимонный,48330015300645
25,56,4833001530063/,Байрамали,Полотенца банные,лимонный,48330015300645
25,56,4833001530063/,Байрамали,Полотенца банные,лимонный,48330015300645
25,56,4833001530063/,Байрамали,Полотенца банные,лимонный,48330015300645
25,56,4833001530063/,Байрамали,Полотенца банные,лимонный,48330015300645
25,56,4833001530063/,Байрамали,Полотенца банные,лимонный,48330015300645
25,56,4833001530063/,Байрамали,Полотенца банные,лимонный,48330015300645
25,56,4833001530063/,Байрамали,Полотенца банные,лимонный,48330015300645
25,56,4833001530063/,Байрамали,Полотенца банные,лимонный,48330015300645
25,56,4833001530063/,Байрамали,Полотенца банные,лимонный,48330015300645
25,56,4833001530063/,Байрамали,Полотенца банные,лимонный,48330015300645
25,56,4833001530063/,Байрамали,Полотенца банные,лимонный,48330015300645
25,56,4833001530063/,Байрамали,Полотенца банные,лимонный,48330015300645
25,56,4833001530063/,Байрамали,Полотенца банные,лимонный,48330015300645
25,56,4833001530063/,Байрамали,Полотенца банные,лимонный,48330015300645
25,56,4833001530063/,Байрамали,Полотенца банные,лимонный,48330015300645
25,56,4833001530063/,Байрамали,Полотенца банные,лимонный,48330015300645
25,56,4833001530063/,Байрамали,Полотенца банные,лимонный,48330015300645
25,56,4833001530063/,Байрамали,Полотенца банные,лимонный,48330015300645
25,56,4833001530063/,Байрамали,Полотенца банные,лимонный,48330015300645
25,56,4833001530063/,Байрамали,Полотенца банные,лимонный,48330015300645
25,56,4833001530063/,Байрамали,Полотенца банные,лимонный,48330015300645
25,56,4833001530063/,Байрамали,Полотенца банные,малиновый,48330015300647
25,56,4833001530063/,Байрамали,Полотенца банные,малиновый,48330015300647
25,56,4833001530063/,Байрамали,Полотенца банные,малиновый,48330015300647
25,56,4833001530063/,Байрамали,Полотенца банные,малиновый,48330015300647
25,56,4833001530063/,Байрамали,Полотенца банные,малиновый,48330015300647
25,56,4833001530063/,Байрамали,Полотенца банные,малиновый,48330015300647
25,56,4833001530063/,Байрамали,Полотенца банные,малиновый,48330015300647
25,56,4833001530063/,Байрамали,Полотенца банные,малиновый,48330015300647
25,56,4833001530063/,Байрамали,Полотенца банные,малиновый,48330015300647
25,56,4833001530063/,Байрамали,Полотенца банные,малиновый,48330015300647
25,56,4833001530063/,Байрамали,Полотенца банные,малиновый,48330015300647
25,56,4833001530063/,Байрамали,Полотенца банные,малиновый,48330015300647
25,56,4833001530063/,Байрамали,Полотенца банные,малиновый,48330015300647
25,56,4833001530063/,Байрамали,Полотенца банные,малиновый,48330015300647
25,56,4833001530063/,Байрамали,Полотенца банные,малиновый,48330015300647
25,56,4833001530063/,Байрамали,Полотенца банные,малиновый,48330015300647
25,56,4833001530063/,Байрамали,Полотенца банные,малиновый,48330015300647
25,56,4833001530063/,Байрамали,Полотенца банные,малиновый,48330015300647
25,56,4833001530063/,Байрамали,Полотенца банные,малиновый,48330015300647
25,56,4833001530063/,Байрамали,Полотенца банные,малиновый,48330015300647
25,56,4833001530063/,Байрамали,Полотенца банные,малиновый,48330015300647
25,56,4833001530063/,Байрамали,Полотенца банные,малиновый,48330015300647
25,56,4833001530063/,Байрамали,Полотенца банные,малиновый,48330015300647
25,56,4833001530063/,Байрамали,Полотенца банные,малиновый,48330015300647
25,56,4833001530063/,Байрамали,Полотенца банные,малиновый,48330015300647
25,56,4833001530063/,Байрамали,Полотенца банные,малиновый,48330015300647
25,56,4833001530063/,Байрамали,Полотенца банные,малиновый,48330015300647
25,56,4833001530063/,Байрамали,Полотенца банные,малиновый,48330015300647
25,56,4833001530063/,Байрамали,Полотенца банные,малиновый,48330015300647
25,56,4833001530063/,Байрамали,Полотенца банные,малиновый,48330015300647
25,56,4833001530063/,Байрамали,Полотенца банные,малиновый,48330015300647
25,56,4833001530063/,Байрамали,Полотенца банные,малиновый,48330015300647
25,56,4833001530063/,Байрамали,Полотенца банные,малиновый,48330015300647
25,56,4833001530063/,Байрамали,Полотенца банные,малиновый,48330015300647
25,56,4833001530063/,Байрамали,Полотенца банные,малиновый,48330015300647
25,56,4833001530063/,Байрамали,Полотенца банные,малиновый,48330015300647
25,56,4833001530063/,Байрамали,Полотенца банные,малиновый,48330015300647
25,56,4833001530063/,Байрамали,Полотенца банные,малиновый,48330015300647
25,56,4833001530063/,Байрамали,Полотенца банные,малиновый,48330015300647
25,56,4833001530063/,Байрамали,Полотенца банные,малиновый,48330015300647
25,56,4833001530063/,Байрамали,Полотенца банные,малиновый,48330015300647
25,56,4833001530063/,Байрамали,Полотенца банные,малиновый,48330015300647
25,56,4833001530063/,Байрамали,Полотенца банные,малиновый,48330015300647
25,56,4833001530063/,Байрамали,Полотенца банные,малиновый,48330015300647
25,56,4833001530063/,Байрамали,Полотенца банные,малиновый,48330015300647
25,56,4833001530063/,Байрамали,Полотенца банные,малиновый,48330015300647
25,56,4833001530063/,Байрамали,Полотенца банные,малиновый,48330015300647
25,56,4833001530063/,Байрамали,Полотенца банные,малиновый,48330015300647
25,56,4833001530063/,Байрамали,Полотенца банные,малиновый,48330015300647
25,56,4833001530063/,Байрамали,Полотенца банные,малиновый,48330015300647
25,56,4833001530063/,Байрамали,Полотенца банные,малиновый,48330015300647
25,56,4833001530063/,Байрамали,Полотенца банные,малиновый,48330015300647
25,56,4833001530063/,Байрамали,Полотенца банные,малиновый,48330015300647
25,56,4833001530063/,Байрамали,Полотенца банные,малиновый,48330015300647
25,56,4833001530063/,Байрамали,Полотенца банные,малиновый,48330015300647
25,56,4833001530063/,Байрамали,Полотенца банные,малиновый,48330015300647
25,56,4833001530063/,Байрамали,Полотенца банные,персиковый,48330015300644
25,56,4833001530063/,Байрамали,Полотенца банные,персиковый,48330015300644
25,56,4833001530063/,Байрамали,Полотенца банные,персиковый,48330015300644
25,56,4833001530063/,Байрамали,Полотенца банные,персиковый,48330015300644
25,56,4833001530063/,Байрамали,Полотенца банные,персиковый,48330015300644
25,56,4833001530063/,Байрамали,Полотенца банные,персиковый,48330015300644
25,56,4833001530063/,Байрамали,Полотенца банные,персиковый,48330015300644
25,56,4833001530063/,Байрамали,Полотенца банные,персиковый,48330015300644
25,56,4833001530063/,Байрамали,Полотенца банные,персиковый,48330015300644
25,56,4833001530063/,Байрамали,Полотенца банные,персиковый,48330015300644
25,56,4833001530063/,Байрамали,Полотенца банные,персиковый,48330015300644
25,56,4833001530063/,Байрамали,Полотенца банные,персиковый,48330015300644
25,56,4833001530063/,Байрамали,Полотенца банные,персиковый,48330015300644
25,56,4833001530063/,Байрамали,Полотенца банные,персиковый,48330015300644
25,56,4833001530063/,Байрамали,Полотенца банные,персиковый,48330015300644
25,56,4833001530063/,Байрамали,Полотенца банные,персиковый,48330015300644
25,56,4833001530063/,Байрамали,Полотенца банные,персиковый,48330015300644
25,56,4833001530063/,Байрамали,Полотенца банные,персиковый,48330015300644
25,56,4833001530063/,Байрамали,Полотенца банные,персиковый,48330015300644
25,56,4833001530063/,Байрамали,Полотенца банные,персиковый,48330015300644
25,56,4833001530063/,Байрамали,Полотенца банные,персиковый,48330015300644
25,56,4833001530063/,Байрамали,Полотенца банные,персиковый,48330015300644
25,56,4833001530063/,Байрамали,Полотенца банные,персиковый,48330015300644
25,56,4833001530063/,Байрамали,Полотенца банные,персиковый,48330015300644
25,56,4833001530063/,Байрамали,Полотенца банные,персиковый,48330015300644
25,56,4833001530063/,Байрамали,Полотенца банные,персиковый,48330015300644
25,56,4833001530063/,Байрамали,Полотенца банные,персиковый,48330015300644
25,56,4833001530063/,Байрамали,Полотенца банные,персиковый,48330015300644
25,56,4833001530063/,Байрамали,Полотенца банные,персиковый,48330015300644
25,56,4833001530063/,Байрамали,Полотенца банные,персиковый,48330015300644
25,56,4833001530063/,Байрамали,Полотенца банные,персиковый,48330015300644
25,56,4833001530063/,Байрамали,Полотенца банные,персиковый,48330015300644
25,56,4833001530063/,Байрамали,Полотенца банные,персиковый,48330015300644
25,56,4833001530063/,Байрамали,Полотенца банные,персиковый,48330015300644
25,56,4833001530063/,Байрамали,Полотенца банные,персиковый,48330015300644
25,56,4833001530063/,Байрамали,Полотенца банные,персиковый,48330015300644
25,56,4833001530063/,Байрамали,Полотенца банные,персиковый,48330015300644
25,56,4833001530063/,Байрамали,Полотенца банные,персиковый,48330015300644
25,56,4833001530063/,Байрамали,Полотенца банные,персиковый,48330015300644
25,56,4833001530063/,Байрамали,Полотенца банные,персиковый,48330015300644
25,56,4833001530063/,Байрамали,Полотенца банные,персиковый,48330015300644
25,56,4833001530063/,Байрамали,Полотенца банные,персиковый,48330015300644
25,56,4833001530063/,Байрамали,Полотенца банные,персиковый,48330015300644
25,56,4833001530063/,Байрамали,Полотенца банные,персиковый,48330015300644
25,56,4833001530063/,Байрамали,Полотенца банные,персиковый,48330015300644
25,56,4833001530063/,Байрамали,Полотенца банные,персиковый,48330015300644
25,56,4833001530063/,Байрамали,Полотенца банные,персиковый,48330015300644
25,56,4833001530063/,Байрамали,Полотенца банные,персиковый,48330015300644
25,56,4833001530063/,Байрамали,Полотенца банные,персиковый,48330015300644
25,56,4833001530063/,Байрамали,Полотенца банные,персиковый,48330015300644
25,56,4833001530063/,Байрамали,Полотенца банные,персиковый,48330015300644
25,56,4833001530063/,Байрамали,Полотенца банные,персиковый,48330015300644
25,56,4833001530063/,Байрамали,Полотенца банные,персиковый,48330015300644
25,56,4833001530063/,Байрамали,Полотенца банные,персиковый,48330015300644
25,56,4833001530063/,Байрамали,Полотенца банные,персиковый,48330015300644
25,56,4833001530063/,Байрамали,Полотенца банные,персиковый,48330015300644
25,56,4833001530063/,Байрамали,Полотенца банные,розовый,48330015300651
25,56,4833001530063/,Байрамали,Полотенца банные,розовый,48330015300651
25,56,4833001530063/,Байрамали,Полотенца банные,розовый,48330015300651
25,56,4833001530063/,Байрамали,Полотенца банные,розовый,48330015300651
25,56,4833001530063/,Байрамали,Полотенца банные,розовый,48330015300651
25,56,4833001530063/,Байрамали,Полотенца банные,розовый,48330015300651
25,56,4833001530063/,Байрамали,Полотенца банные,розовый,48330015300651
25,56,4833001530063/,Байрамали,Полотенца банные,розовый,48330015300651
25,56,4833001530063/,Байрамали,Полотенца банные,розовый,48330015300651
25,56,4833001530063/,Байрамали,Полотенца банные,розовый,48330015300651
25,56,4833001530063/,Байрамали,Полотенца банные,розовый,48330015300651
25,56,4833001530063/,Байрамали,Полотенца банные,розовый,48330015300651
25,56,4833001530063/,Байрамали,Полотенца банные,розовый,48330015300651
25,56,4833001530063/,Байрамали,Полотенца банные,розовый,48330015300651
25,56,4833001530063/,Байрамали,Полотенца банные,розовый,48330015300651
25,56,4833001530063/,Байрамали,Полотенца банные,розовый,48330015300651
25,56,4833001530063/,Байрамали,Полотенца банные,розовый,48330015300651
25,56,4833001530063/,Байрамали,Полотенца банные,розовый,48330015300651
25,56,4833001530063/,Байрамали,Полотенца банные,розовый,48330015300651
25,56,4833001530063/,Байрамали,Полотенца банные,розовый,48330015300651
25,56,4833001530063/,Байрамали,Полотенца банные,розовый,48330015300651
25,56,4833001530063/,Байрамали,Полотенца банные,розовый,48330015300651
25,56,4833001530063/,Байрамали,Полотенца банные,розовый,48330015300651
25,56,4833001530063/,Байрамали,Полотенца банные,розовый,48330015300651
25,56,4833001530063/,Байрамали,Полотенца банные,розовый,48330015300651
25,56,4833001530063/,Байрамали,Полотенца банные,розовый,48330015300651
25,56,4833001530063/,Байрамали,Полотенца банные,розовый,48330015300651
25,56,4833001530063/,Байрамали,Полотенца банные,розовый,48330015300651
25,56,4833001530063/,Байрамали,Полотенца банные,розовый,48330015300651
25,56,4833001530063/,Байрамали,Полотенца банные,розовый,48330015300651
25,56,4833001530063/,Байрамали,Полотенца банные,розовый,48330015300651
25,56,4833001530063/,Байрамали,Полотенца банные,розовый,48330015300651
25,56,4833001530063/,Байрамали,Полотенца банные,розовый,48330015300651
25,56,4833001530063/,Байрамали,Полотенца банные,розовый,48330015300651
25,56,4833001530063/,Байрамали,Полотенца банные,розовый,48330015300651
25,56,4833001530063/,Байрамали,Полотенца банные,розовый,48330015300651
25,56,4833001530063/,Байрамали,Полотенца банные,розовый,48330015300651
25,56,4833001530063/,Байрамали,Полотенца банные,розовый,48330015300651
25,56,4833001530063/,Байрамали,Полотенца банные,розовый,48330015300651
25,56,4833001530063/,Байрамали,Полотенца банные,розовый,48330015300651
25,56,4833001530063/,Байрамали,Полотенца банные,розовый,48330015300651
25,56,4833001530063/,Байрамали,Полотенца банные,розовый,48330015300651
25,56,4833001530063/,Байрамали,Полотенца банные,розовый,48330015300651
25,56,4833001530063/,Байрамали,Полотенца банные,розовый,48330015300651
25,56,4833001530063/,Байрамали,Полотенца банные,розовый,48330015300651
25,56,4833001530063/,Байрамали,Полотенца банные,розовый,48330015300651
25,56,4833001530063/,Байрамали,Полотенца банные,розовый,48330015300651
25,56,4833001530063/,Байрамали,Полотенца банные,розовый,48330015300651
25,56,4833001530063/,Байрамали,Полотенца банные,розовый,48330015300651
25,56,4833001530063/,Байрамали,Полотенца банные,розовый,48330015300651
25,56,4833001530063/,Байрамали,Полотенца банные,розовый,48330015300651
25,56,4833001530063/,Байрамали,Полотенца банные,розовый,48330015300651
25,56,4833001530063/,Байрамали,Полотенца банные,розовый,48330015300651
25,56,4833001530063/,Байрамали,Полотенца банные,розовый,48330015300651
25,56,4833001530063/,Байрамали,Полотенца банные,розовый,48330015300651
25,56,4833001530063/,Байрамали,Полотенца банные,розовый,48330015300651
25,56,4833001530063/,Байрамали,Полотенца банные,светло-кремовый,48330015300637
25,56,4833001530063/,Байрамали,Полотенца банные,светло-кремовый,48330015300637
25,56,4833001530063/,Байрамали,Полотенца банные,светло-кремовый,48330015300637
25,56,4833001530063/,Байрамали,Полотенца банные,светло-кремовый,48330015300637
25,56,4833001530063/,Байрамали,Полотенца банные,светло-кремовый,48330015300637
25,56,4833001530063/,Байрамали,Полотенца банные,светло-кремовый,48330015300637
25,56,4833001530063/,Байрамали,Полотенца банные,светло-кремовый,48330015300637
25,56,4833001530063/,Байрамали,Полотенца банные,светло-кремовый,48330015300637
25,56,4833001530063/,Байрамали,Полотенца банные,светло-кремовый,48330015300637
25,56,4833001530063/,Байрамали,Полотенца банные,светло-кремовый,48330015300637
25,56,4833001530063/,Байрамали,Полотенца банные,светло-кремовый,48330015300637
25,56,4833001530063/,Байрамали,Полотенца банные,светло-кремовый,48330015300637
25,56,4833001530063/,Байрамали,Полотенца банные,светло-кремовый,48330015300637
25,56,4833001530063/,Байрамали,Полотенца банные,светло-кремовый,48330015300637
25,56,4833001530063/,Байрамали,Полотенца банные,светло-кремовый,48330015300637
25,56,4833001530063/,Байрамали,Полотенца банные,светло-кремовый,48330015300637
25,56,4833001530063/,Байрамали,Полотенца банные,светло-кремовый,48330015300637
25,56,4833001530063/,Байрамали,Полотенца банные,светло-кремовый,48330015300637
25,56,4833001530063/,Байрамали,Полотенца банные,светло-кремовый,48330015300637
25,56,4833001530063/,Байрамали,Полотенца банные,светло-кремовый,48330015300637
25,56,4833001530063/,Байрамали,Полотенца банные,светло-кремовый,48330015300637
25,56,4833001530063/,Байрамали,Полотенца банные,светло-кремовый,48330015300637
25,56,4833001530063/,Байрамали,Полотенца банные,светло-кремовый,48330015300637
25,56,4833001530063/,Байрамали,Полотенца банные,светло-кремовый,48330015300637
25,56,4833001530063/,Байрамали,Полотенца банные,светло-кремовый,48330015300637
25,56,4833001530063/,Байрамали,Полотенца банные,светло-кремовый,48330015300637
25,56,4833001530063/,Байрамали,Полотенца банные,светло-кремовый,48330015300637
25,56,4833001530063/,Байрамали,Полотенца банные,светло-кремовый,48330015300637
25,56,4833001530063/,Байрамали,Полотенца банные,светло-кремовый,48330015300637
25,56,4833001530063/,Байрамали,Полотенца банные,светло-кремовый,48330015300637
25,56,4833001530063/,Байрамали,Полотенца банные,светло-кремовый,48330015300637
25,56,4833001530063/,Байрамали,Полотенца банные,светло-кремовый,48330015300637
25,56,4833001530063/,Байрамали,Полотенца банные,светло-кремовый,48330015300637
25,56,4833001530063/,Байрамали,Полотенца банные,светло-кремовый,48330015300637
25,56,4833001530063/,Байрамали,Полотенца банные,светло-кремовый,48330015300637
25,56,4833001530063/,Байрамали,Полотенца банные,светло-кремовый,48330015300637
25,56,4833001530063/,Байрамали,Полотенца банные,светло-кремовый,48330015300637
25,56,4833001530063/,Байрамали,Полотенца банные,светло-кремовый,48330015300637
25,56,4833001530063/,Байрамали,Полотенца банные,светло-кремовый,48330015300637
25,56,4833001530063/,Байрамали,Полотенца банные,светло-кремовый,48330015300637
25,56,4833001530063/,Байрамали,Полотенца банные,светло-кремовый,48330015300637
25,56,4833001530063/,Байрамали,Полотенца банные,светло-кремовый,48330015300637
25,56,4833001530063/,Байрамали,Полотенца банные,светло-кремовый,48330015300637
25,56,4833001530063/,Байрамали,Полотенца банные,светло-кремовый,48330015300637
25,56,4833001530063/,Байрамали,Полотенца банные,светло-кремовый,48330015300637
25,56,4833001530063/,Байрамали,Полотенца банные,светло-кремовый,48330015300637
25,56,4833001530063/,Байрамали,Полотенца банные,светло-кремовый,48330015300637
25,56,4833001530063/,Байрамали,Полотенца банные,светло-кремовый,48330015300637
25,56,4833001530063/,Байрамали,Полотенца банные,светло-кремовый,48330015300637
25,56,4833001530063/,Байрамали,Полотенца банные,светло-кремовый,48330015300637
25,56,4833001530063/,Байрамали,Полотенца банные,светло-кремовый,48330015300637
25,56,4833001530063/,Байрамали,Полотенца банные,светло-кремовый,48330015300637
25,56,4833001530063/,Байрамали,Полотенца банные,светло-кремовый,48330015300637
25,56,4833001530063/,Байрамали,Полотенца банные,светло-кремовый,48330015300637
25,56,4833001530063/,Байрамали,Полотенца банные,светло-кремовый,48330015300637
25,56,4833001530063/,Байрамали,Полотенца банные,светло-кремовый,48330015300637
25,56,4833001530063/,Байрамали,Полотенца банные,шоколад,48330015300646
25,56,4833001530063/,Байрамали,Полотенца банные,шоколад,48330015300646
25,56,4833001530063/,Байрамали,Полотенца банные,шоколад,48330015300646
25,56,4833001530063/,Байрамали,Полотенца банные,шоколад,48330015300646
25,56,4833001530063/,Байрамали,Полотенца банные,шоколад,48330015300646
25,56,4833001530063/,Байрамали,Полотенца банные,шоколад,48330015300646
25,56,4833001530063/,Байрамали,Полотенца банные,шоколад,48330015300646
25,56,4833001530063/,Байрамали,Полотенца банные,шоколад,48330015300646
25,56,4833001530063/,Байрамали,Полотенца банные,шоколад,48330015300646
25,56,4833001530063/,Байрамали,Полотенца банные,шоколад,48330015300646
25,56,4833001530063/,Байрамали,Полотенца банные,шоколад,48330015300646
25,56,4833001530063/,Байрамали,Полотенца банные,шоколад,48330015300646
25,56,4833001530063/,Байрамали,Полотенца банные,шоколад,48330015300646
25,56,4833001530063/,Байрамали,Полотенца банные,шоколад,48330015300646
25,56,4833001530063/,Байрамали,Полотенца банные,шоколад,48330015300646
25,56,4833001530063/,Байрамали,Полотенца банные,шоколад,48330015300646
25,56,4833001530063/,Байрамали,Полотенца банные,шоколад,48330015300646
25,56,4833001530063/,Байрамали,Полотенца банные,шоколад,48330015300646
25,56,4833001530063/,Байрамали,Полотенца банные,шоколад,48330015300646
25,56,4833001530063/,Байрамали,Полотенца банные,шоколад,48330015300646
25,56,4833001530063/,Байрамали,Полотенца банные,шоколад,48330015300646
25,56,4833001530063/,Байрамали,Полотенца банные,шоколад,48330015300646
25,56,4833001530063/,Байрамали,Полотенца банные,шоколад,48330015300646
25,56,4833001530063/,Байрамали,Полотенца банные,шоколад,48330015300646
25,56,4833001530063/,Байрамали,Полотенца банные,шоколад,48330015300646
25,56,4833001530063/,Байрамали,Полотенца банные,шоколад,48330015300646
25,56,4833001530063/,Байрамали,Полотенца банные,шоколад,48330015300646
25,56,4833001530063/,Байрамали,Полотенца банные,шоколад,48330015300646
25,56,4833001530063/,Байрамали,Полотенца банные,шоколад,48330015300646
25,56,4833001530063/,Байрамали,Полотенца банные,шоколад,48330015300646
25,56,4833001530063/,Байрамали,Полотенца банные,шоколад,48330015300646
25,56,4833001530063/,Байрамали,Полотенца банные,шоколад,48330015300646
25,56,4833001530063/,Байрамали,Полотенца банные,шоколад,48330015300646
25,56,4833001530063/,Байрамали,Полотенца банные,шоколад,48330015300646
25,56,4833001530063/,Байрамали,Полотенца банные,шоколад,48330015300646
25,56,4833001530063/,Байрамали,Полотенца банные,шоколад,48330015300646
25,56,4833001530063/,Байрамали,Полотенца банные,шоколад,48330015300646
25,56,4833001530063/,Байрамали,Полотенца банные,шоколад,48330015300646
25,56,4833001530063/,Байрамали,Полотенца банные,шоколад,48330015300646
25,56,4833001530063/,Байрамали,Полотенца банные,шоколад,48330015300646
25,56,4833001530063/,Байрамали,Полотенца банные,шоколад,48330015300646
25,56,4833001530063/,Байрамали,Полотенца банные,шоколад,48330015300646
25,56,4833001530063/,Байрамали,Полотенца банные,шоколад,48330015300646
25,56,4833001530063/,Байрамали,Полотенца банные,шоколад,48330015300646
25,56,4833001530063/,Байрамали,Полотенца банные,шоколад,48330015300646
25,56,4833001530063/,Байрамали,Полотенца банные,шоколад,48330015300646
25,56,4833001530063/,Байрамали,Полотенца банные,шоколад,48330015300646
25,56,4833001530063/,Байрамали,Полотенца банные,шоколад,48330015300646
25,56,4833001530063/,Байрамали,Полотенца банные,шоколад,48330015300646
25,56,4833001530063/,Байрамали,Полотенца банные,шоколад,48330015300646
25,56,4833001530063/,Байрамали,Полотенца банные,шоколад,48330015300646
25,56,4833001530063/,Байрамали,Полотенца банные,шоколад,48330015300646
25,56,4833001530063/,Байрамали,Полотенца банные,шоколад,48330015300646
25,56,4833001530063/,Байрамали,Полотенца банные,шоколад,48330015300646
25,56,4833001530063/,Байрамали,Полотенца банные,шоколад,48330015300646
25,56,4833001530063/,Байрамали,Полотенца банные,шоколад,48330015300646
